Encrypted ID,Activity Type,Predicted Activity Type,Integrity_MAC
gAAAAABpJIL1mGj8lPTcQNeClOobH39W8tu87CsBBpxpjgG0TVl8ebHcHzP_GlItzXziffkuem45yJkxyDAUKoaQcQyX0qPmcg==,Ride,Ride,67bbcd77334de1326a53f6f33158d3f58c9ef99f7b8469b77af2237e51bbc074
gAAAAABpJIL1-yBLHCtb-7mqTERdDTq9UGoCjpJ2VmtGA0Y19BXkeQR_AqrGIaPD9WK0xBqwM6YEjUVrih_B7vLC1aufQIrblw==,Ride,Ride,b5d98cfed58b65ab876f014cb7c7e137fd41da1430f4761336cd0f0308f10fe8
gAAAAABpJIL1XIGlmQBQ7CicDS-VIWpjtTHzpRmJ8ealvfBFnaMr78LaysmAiDxXyDNpfiDDMeTtOBxuWwriLyZ7OqlJzj7dZQ==,Walk,Walk,4efa73cc67f40ce479a1e5b4dd45e52b105ce6e7182eecd8d1d6dad46570e8c7
gAAAAABpJIL1Zrqk_ePhI-Iif305CIVKQ9AKwqEwKc2mij9QgYvEZ9emnQG8g5hNIcTmayy6NEbxwJh0M1N6Oakt_kZ7r6smYg==,Ride,Ride,eb70dafe3daf313deb8da19a07f135ce4136e5f72352251b06eaf0ca958d62a9
gAAAAABpJIL19a1RhXVbMqfXjuiuqKbkkS1lOB2-EtBR5OaJP28aD_Y6ZH-ycovmAVUbWnVxpoPY_Eoqv4m555rVuvPWpS3xIw==,Ride,Walk,cf934c73200d9b98ac82f235494c5597ddcc3b9f9a2796f524d1d3d7591c6310
gAAAAABpJIL1_NTRmtM9ZEz4nMaXBgCd_a7eidE7bh_TiSMWiLF_evRM4HcB-Txw-wfHKwnKdw62uWl-LNES8Lkm4MCxt0bj8w==,Walk,Walk,e60def4df472789992c9379fe2c819a305aa29df4bc3c6a18ee3030c197ecad1
gAAAAABpJIL1zB1AUrChrVdZhyZ3zf7CaZZLVZTVTugAMTp32lNSj6-JVSDed-WYCawO1tStoqdwwpD1Xe-qaoORthxLAoR4Rw==,Walk,Walk,d87b4c1474f9a280999d6f26fa84be059edd4140355fccb16ccafacae9132fbf
gAAAAABpJIL1S-LFqPkjr6u3JsVbwVbBNkX94lTVdwr59MEbhG3fEITKSRBp8o8N8Rkc7DufdsivZ_bvQkpF9b4vATQhjUW5Sg==,Walk,Walk,a690af7db9d57637cbf83b042dced67c3f64ea0d161af17686e3b9d2b9a1c2b3
gAAAAABpJIL1lFmsGjea3pg5qrxjiznu7FDlVK4kpatcZzJolRhg7Dkx3SW8JbdNechGgWbk34YkmnGPL70rZy0WCjc4RSZHRQ==,Workout,Workout,298fd22ba75ab53a32bd2d6939dac135df3c9f9cb4efd78f74e0ba911ef0dfe6
gAAAAABpJIL1z1DcWZFj1mt3V-Gar8sfUUpE5C4tniz8nEcpP9QVkr-6uuiqg0eU6Zmd6TlbFjFwJ3RiKKXLNwtuLelSPN-e9Q==,Ride,Ride,ca633ff3f8580678909979f44972b9007416db5d5d8b21eb1daa966a658cd518
gAAAAABpJIL1hqQE-Iryuiahy_QNY9kd7jkC-7qA-JU4G2OP-ObHOBxL_Wn10ftdWU_v5rBoeypa2UIzVAkhB8TGLMD7dCXq_w==,Walk,Ride,a92143a93840531fd317e6b88f656811daefae37c9a91d6049a76bf04b3f3eee
gAAAAABpJIL1a0pIXf6pcREI30ERlJzHqZZWhUNUWEDSSml4S9Oqu8c9zg7kjjnwGix-DuPRIVSPZKrTucRj6An5979Ua9pa-A==,Walk,Walk,6cf6dc434af3702a9471c7848686cb8c51673a317e980e48ae71390f34246b37
gAAAAABpJIL11MAk-25MQRR8qkH1ZRaQAzcNZKCW_cvmANQb-OQWmWMQW_FX5wmOa4-iKE24ucMY3Bba3hxY-VwAsnRaF1e-0Q==,Workout,Walk,06635b1f8f903f8a47b0fa15d7d03566a4a376dc9fae56c9f8425a8d8fb62d48
gAAAAABpJIL1bU11dZDeI3KbbEEm1A7WfMSSNHdqdCs1RRusqJK0rCBFVtZ9_EWHEJZIse6IwQq1Z-JcBcb059p3ZWbd7ijzNQ==,Walk,Walk,2d4d8c67c1c057eb8ab6a6cc39dda2f8256728549d4fc1e14b1b1dc767d99635
gAAAAABpJIL182eLa1fvxGPBUBETXeGcDTaxqklDw1SVpe7vNIi5_IEaKk0swE4gfcN93PY28ALsyufkxxu1UXHF4sXdlqI4UQ==,Ride,Ride,d06cb229a7b9a6f22d89ed8d8c4286e963c2dc814fbea4a734791744c426ea0b
gAAAAABpJIL1vcCHhk0Nb1OPopo0qM--djefMzC-P5wxPecCLqhICphzqOTgCfMZ804QCoNxUi82wCc5jZ0xwTsjDZJsC8W9AQ==,Workout,Walk,470a5d88fa7bef6446787a478b134afa8c99477a629a3ac47205b1f0bec5dec3
gAAAAABpJIL1pmxxpXUW2vm1PbfS04CicPuDrmPPYORNaxqTlneKGvgBq1x55fa8LHKQgjl1Ntmho--TfxDGw9hPNbJxaIVQsQ==,Workout,Walk,a9e37a65cf855f88e153f393eb79110b674f193417acc4b7fe2a35ba0728d6c0
gAAAAABpJIL1qS4Ii8iVLUS7LPbuhbuahU5Sy_m5Rs0F58wFNBfau2QRnkWiqTaE1CFnYJqbNoOVEX554AmzJLmaPAuYhty6Bg==,Run,Walk,efd468fbd0c169c26b72ca7c6f79838a6306af42b4f7255832a96da3482ff005
gAAAAABpJIL1qFQsDy28wRAnRvAoboEwiLnbjTZUQLiMDUeWi1DkDmN_d2Ppu5Q0STK4y9-awl56DhoXOe5p9T4DhH8AwOpDpg==,Walk,Walk,412e25ea068cf53cf6c7c3966285e61703ff67e8e94f3f06afe5b69485f08f04
gAAAAABpJIL1_zVVYHZnyY1-Jw7Y-zeLzjxMqJAMaacDGie8Xew1BBkjKOxZ_u0W6-KEnrlyYtWiQFPJl6rpv3T9Ahxr0VRIrw==,Walk,Walk,0f11581d1051a9b9446d8e8e0ae85859e83939543f57ce3409ac7907d2c95dbd
gAAAAABpJIL1awagNQaiWK_yZWUyu0y5F73Ncde-cPCla-JwCH3ArFQxdkp8K7OlNgDw-H3Sf62nRGYute7manYI4-XuIhMC3w==,Ride,Ride,6d6534d2236e87b89e216c4f3946788ac7c7e507bcb9ba09bde0311eeb97daeb
gAAAAABpJIL1tpdAYZR4vRfLEzN0g5FmDwDIpzSQFgpBPssNeMVlnOFv3eJ7GHKb-sgBN6Ukzz54BIn69tij7hPOM9C3COVheg==,Workout,Workout,aa9517ea824c7aa377145379b21fe0a379864d58ada2fccbadf3c1ddefccb90f
gAAAAABpJIL1ViJTyt7CWIS0nOU6V40UOiy34b1sxFXzxl2n7BM9nkLvqa2A3ziRt60mo0vebXrOjeVhD6LbQXeny2d-POOx-w==,Walk,Walk,5e5f88a22bfa9c741ad6a89474759c1ad4a3a5166e509e3e1a17138cf4345fea
gAAAAABpJIL1PzfkQOQIVnvYrwkMglD23Ne4uC4Wz1aHKCwK8Iuxh4EusFDbO7aOaMpzft-KsqZOQXj1XC6VIFvPk7e1U2faAA==,Walk,Walk,e07cc08ab61f9da2bfa3687a6d8e9bf6fad788d21787c5f6167ce607aa71bd3f
gAAAAABpJIL1X2xyViaYmXZXdhrO1yUnfT1HMNQ6rOGAer8HFyO9ARO4LIWWxuM-rd_cfqa5e7LGuXzHT_XLMLZRyi4EzlV9QA==,Walk,Walk,8803d1b958fe1aa59bd66af8ba54c48bcbc6be1c3162c0455b85e5bb8a47e639
gAAAAABpJIL103hKNlXQmewHwkYylDsda7zRy209nXXpG_rL6znqIOSlxsd5XSbLUdgAOuRfev5c9rOp65AZAS5h3wTo_5di9g==,Walk,Walk,1d41bac2e60b5c24e7e2b03ebc135c4518e6172793466d57c98226972a5fd916
gAAAAABpJIL1A351SjjQyNr9dX2aasktCbKtY9dibWV1NFGUvZHFYw2cJaICkvqM0GDm3sfle4NMXdDbT-I-jL_w2mRUagMQEA==,Walk,Walk,8451821521d181c39e393171879ee7b3ef1b404b4f45b8bb09ffc49aa8f494d8
gAAAAABpJIL1MVsGtDe7rMN7D5E_sB3Ol5ks4ANIM0itDVKKiUYe0OrewQ05TcLcrIG7jTzWs_GdDvh69VtSfm74VCe8vFbSnQ==,Walk,Walk,bf612469a7f8bb8f7fee9443b1edbf125a577b988179d2eed73d72bb500288b2
gAAAAABpJIL1V-cECcKh39LgbtQ-WklFN3JyfNQ6SrUq_ZxOiOpqO4ARcW7WhZ0wrs790Nqd5VHjJJnGR4i7WJ8C2NQNMA9_Og==,Walk,Walk,3e6c24297b35b64f656c308cc46c0c00bd04eb44fac5401645267464cc655b6b
gAAAAABpJIL143QFTHWNHoW71WtgWbK2VUHSQiWcERAqASVYFLNf2nLWdQcNXGQ_3OzPiNf6Z4QoFZoK61mtfUjmpcuIQm9aMA==,Walk,Walk,76a6fc36de2c896db571a7f1b79f8b1b951975f3f762a0fb662efd5c4aa21d83
gAAAAABpJIL1qIxBkz6iDFSkTcEph5F-fjq6q0isw9JsEblvAD9XXowtyUw_yALDjE6HTpTmknS99_rfGwHzZIhpgwbZ3UsLbg==,Walk,Walk,64eb4510e656a7d319e3d2f27ae6a67a6c9ac7b1e29672a7df34c4fddddbe37c
gAAAAABpJIL1OtW72mBA1uEbV5lp46aij_c_uOPrvEvzDaCTnc0KKJ4nFkBzS86EIAyBqmFCSkrdAQP2fRIKgmikQ6obxjFfMA==,Walk,Walk,a49e8d4d1a858c428f045438836aa27696df8f472703ac951ac57eb2443882e9
gAAAAABpJIL14PymBnxgPBY5uUTqMf52iwESg7j3TI_PvlpC1IW2VUpfcYKlflel2vqiBS91bwOYiHUyF_GJFiJhYq37S_vNGQ==,Walk,Walk,6c2807cc206b2cde74d8942ab7a80b434f2402e412e388fc27cbc585795e4229
gAAAAABpJIL1Gd44vbcmw1ODLHSQoEzF71cB4DSzarBGsiCmDcZbN3AnJpc-GGUfe7FsareVgleMSZ27UlsnDEjnq2pn6gBEAw==,Walk,Walk,a5f757799dedc2893446e8d2a570108fb082ceff16f91b1d4f567fc0a5cdb907
gAAAAABpJIL15uLscrlwpezIc5DHkEJ2gyyXhTisWkVKLZZhSJpesanYwH-Is40FjJ590InU0FTtsuewTdcMsAtf8tbT0y487g==,Run,Walk,7d8fc62a5360da0c97283d81bf26521b00ef35c07f5cef726010d6decc1da0cb
gAAAAABpJIL1_I6siTkhIEXvEYOfBKRq2IywVU_nEiu6YcFbsu1TxRl36YXenH_zXOeOE9-jK63Uh_Dekk7TSxq4-x_RvqcN-w==,Walk,Walk,5b78e29a6b02b3cfc95ee8e4dc36ae7e1492d25c2ff175f1693ebcc4ff122e96
gAAAAABpJIL1oId9yT0TGLQbMXYtUkRMJIo53rEA3h7oB1MBWPg-Or1yKAt0SfexpWvt-SOm1BHSBiOIUocEhpKCDKttNTMdsg==,Walk,Walk,5a75a364c7d63aeaf3e3683ba0986ffc9c13a452e241f459b549c2b3f71378ac
gAAAAABpJIL1Li_MRLDJOE3AvY0cK8LvkR5lFcma_TaP3v5gVymLa_26RoL5IEWmu93lDx2fUmkygIlDNzwYnl3G3kYA10rhFA==,Walk,Walk,0632630c82a3b26ec21882192a08a4c9008bf0763adcb5460fa43817748f401e
gAAAAABpJIL1AFeQZEz4Jl1tNo5cU3r3ZZhfpXwk5Fq_ELhpjmvbP4Xyuj2a9ZWQNas5J95O-2vxj22rpzdKNurE043Ao99EHQ==,Walk,Run,e5c1dba9b961e44fcce112a07ad7038086ae15c058639b8b0816d8b7ace6a073
gAAAAABpJIL1SNaGQ86eJV5jN1auQAhN8A8GdAUhyC0UTCyqQUdcMqSUA1AtV1Fwi-YMwZNwkaVMh8QDCJDouo6raMHEtKPmpA==,Walk,Run,3b33dd10b6ca5a8c475af6d460d35e617fae033e262c581a8f4d36e31550813c
gAAAAABpJIL1e9yxo2KMtS_y1wJe_iLqF4h6tU3jn2eHYbHFi__wYFZC1zvZpsOv4WMZXcddRcsR-TA9O9U3xKiHqOAktkGYAQ==,Walk,Run,8286543fdd5f216a46bfa60e89149f4d04dabac6af25b81f27775eb8d42e84cc
gAAAAABpJIL1OBfK4KF_6aheiHLKlXKc2Sfgw554genJd4Nli5z84sBYbVehCMipKTIK1Wd0znHR1UcPnj4l1e_daRGV_uqucA==,Walk,Walk,04e53efc38445510e6da9abf125d91339d3e4c2e96bfa0705d97111af66278d5
gAAAAABpJIL1B8FVCHv3gEoAn0icFGFuqOdNiX_LH-C-Y7wABAem62K6OElh_17-ce-k8hQ8ZtgZOrXf5DWSH8W22f0RAxd8FA==,Walk,Run,2d4b0c76f5d8387823c7df391d562f232c80fa3be2de5f94fff53faa610eb81b
gAAAAABpJIL1d5pLKBbNsVaEvwFq4EQ0W1I19g40hBERjfZdL_GGnvYOPKjmPwloxnnBGsrcAfkdnLj3HuYZoiThoGT5r3IuKA==,Walk,Walk,75e9c9639a6d7890b8b88f1ee6886fb064d16fee2c475a197d2be8be63780425
gAAAAABpJIL1pDG6uW1xPUQQz_5_4AKNwyry6qMdwCyLT-FM4iMsr7kIc5w49KlRXxdMs57KFp15pDhsBVGyLqMc0HSSqpTXcg==,Ride,Ride,d493ab6d1e889c2037abc79da30568c3f5d49c357cf3d7ed225de4fa1f0bdaf8
gAAAAABpJIL1UEANv5412Bvc2m_6ZxolZ8nTY6TRwsPy1MYKR_CDRh5UGcMgLL-FYTD64NOK4BTT1WDX4jCKlay2jo924GL9Aw==,Ride,Ride,3033d6159464eaa2539d30abb40117fbfc4019c6bf85f627f04fec4247f9628c
gAAAAABpJIL1_QryIhirsMjXQllPMAeEmPSj8VqzkfSQvDn7h_s8OndPYx3qlI5yMy3-eq3K69tt-ekf3wFeALVBaFNzxgYOww==,Walk,Run,b6854708de13ebc27b9fce5e8759d26ee13ef0a83ae7d48d932282c62caed303
gAAAAABpJIL1JYd76kJ6z7CuoD1yVY0PvV-PuoWZwlui85CjNCbu-NFH1Z0jiPFYeMnQNYIalanws5UCo3AY05hW-Ykasoysrg==,Ride,Run,bec8ddb81c8b42b61af2e648cc5591f5dcbd05b117bddb940d0552468b1d4244
gAAAAABpJIL19ebrIjk17iOJgNkFfUxtQDf_Ur1Rem70G0qEpMrB-z2I2To7SwNUiJOQuwBVlH-4NVBQO3TVuvKth-J1lSZ-xg==,Walk,Walk,9ba92a7947ada1f6ca9d99919594238b48c9977cd11a79a4b378bb7583059fcb
gAAAAABpJIL1qxF_CCL6WiYRzTvLI5PO_FjnUKwtEPLiJ8T5Nto7a8A0i5SAasA5biDqsc05GmcdrHvZ1SFwxrI1i_fDWbT8NQ==,Walk,Walk,05f069f957dc33ad04826952ecacc00c20025cb650f6e796343c6d905e599604
gAAAAABpJIL15qXD35S0JjfAcF5jz5QK7DVkzeM-54u9ZFBf-wv1XISuAOJO_bqf2CtyDP8gl6COOOWZhhf5e8VmQsGQgbjM_A==,Ride,Ride,1e2ef3028477c6926963f58a546d26fd8717f1fd7f76cc4193ec67f712da9aad
gAAAAABpJIL10ax_wO8zNeT46Cg7SdakBU0MEoOBFJ-6nWBv4sqyexLxHRtehPr9hztX22yq9EyKJzNw9d2Nghin4NPzNDqYDg==,Walk,Walk,a30a10c9813ce9b3d62e392b37bbc6918e88d7cabd1849a4c87ed22952f1946a
gAAAAABpJIL1HN5f-xH6SWBgTE_uk03SFRai-Y376jllxWoTeB8BV9JAEvJ-HuAqjZntm4T1C7K8XnNdzNLRSVsZKy43Tq5_aA==,Ride,Ride,6ebfa5f47e9951c3417066b61e2ca2a1e9a6e48ddeab31c5e831db1d0dcbe604
gAAAAABpJIL1R2L6Lu1wAUyUYziDPLRNue8ZAWaccWih5iV5oUSjQ1Fze2L2bdV00REvr6ev779-z0txiYCfwF8VZQywXrYgkQ==,Ride,Ride,5b4832dd00264ccdc25834ece68e389ca3c248c1344753cd6b3f8cdfdde1bbe4
gAAAAABpJIL1myjGKxcQzOTpogRWZdJxWllrgq0d6MA0bSdY-gAO_u9vgwr326xC2pB6qAW0J47woHpiDmvOIiZnruY0P6D1wg==,Ride,Ride,5729b331643a9cc29b2adf216211124c09e4e5077b965901774ca70d67fbbbc2
gAAAAABpJIL1Eff1Jtp2NaWr0cc2OXlCJhsQ8vHOGIJImZVmJ-w1drG92BBjc8gCK18NU1MHTWuSHnLHvWudyWHqxXNEEqFQBQ==,Walk,Walk,28dd64937b876ab889ca3361cf8a2cc2f5840989c2523ac303551c1b8dad3db8
gAAAAABpJIL1WYerIzaurC8L7z-74x-lo4pUtWrS0NLHZjY4_Yvi-4Fb9_c92gb-TkVbi_JJubF-M3uCpjgpbn3q4i3R1Xpyxw==,Ride,Ride,82e164af3cb8c7e2382793f9519d147f53028e29922159a4224a41f696a63ebe
gAAAAABpJIL1_B6D3SqtCA7jCgx6M60gqg5V4iQnnDBwY605cmipMigNsNIl2_6UvjFllrKDs0lZpz_IkI2RE2SKjfJo2Hf9JA==,Ride,Walk,19312d8f2472773cd37b152f74b7b3a8070e39b2532754fdfb33efeceda6d3c5
gAAAAABpJIL1q4lq1MuohLGK6xaVp45N4qUGAUid7DjeYcSruUuhvpimsxfVeaVRG0kOYaDy4GsP5C4W7KaYSexYa9oHSxZdpw==,Walk,Walk,d0f80022c41df50683ab3bc387e8fbb6f421673837cc6ef76a9d888c30ee39e5
gAAAAABpJIL1OPluK5VPvfHhDi039y9UJlM6MuQWFz939-7QuFlNR29sgjev0e0Iw47qrWi7jUeKr99IP7nuL_QG7sTfK1wF8A==,Walk,Walk,5ede920caed77888cc2e5b7a6deeea2de9cb1111761a33f67f0956421b97164a
gAAAAABpJIL1mnr1MHGkUfKttlHuk2WTs37_Rd4fAOcKxLW1hUm87Z_dare_jh9BS1lxucNavVM9j15EBvOOM-uOf7v1Mpe-OQ==,Walk,Walk,c2ce0615679db483ca2c94f21191672d35ff708d7270068c0fa026016ed5cc17
gAAAAABpJIL1vTa1jvS27OQU9_6MsgAEekTUZawPvYtdRzPMJ5d2A4vZYBI__cvVO9clxMk7c6ngyMBCXCOXTAuRJSeiksIySw==,Workout,Workout,eae912437070c99ae4b21f31f8cd72945e949401a15b83f48fc4b9bf9a133da3
gAAAAABpJIL1a_2dO347iKuXsrDZTdr5IWgVLQws1CO87LSLAfYYvk3PtP0PRE5TbUpOyjzBziEEzHQKZZsS0AX2NkajKTxhVg==,Ride,Ride,4bd0b2898793225ffa2537b3de5d329b1e0c6ff34edbff3c92d9847c59954341
gAAAAABpJIL10r8JKPyE-ayNVJvnC6KM8rhoq0JW_lqtSsRYN9Ay6_HyXN0IG1f2Ivjk0uTxNlOHSVfe6rL_-ieHtPnAm_0ohg==,Walk,Ride,7675438c7f27f566cd08accc73ec610b5af05546511cb1fc2b857e6c4c11ea6c
gAAAAABpJIL1RDvf5D4xTSJ3uwBPZAG4OHC_U1L3d4kaFbMqBJvHnPsdCT_nVhLI1_geXxTGPoFjt0KqBL7vuSWvIq1tkiQ6cQ==,Walk,Walk,8ca9eaf12062034445d93f17d11e1bba21bd285f5cff23ac770a97c5c0aa2388
gAAAAABpJIL1C6ntvU7G6Z8fhyVdCzZkYewvMNhuZZVMMrSsVeqFK1Mt_6nWAFO3jk6PuIS89R6qDwZjhSbtziXJUV1pMoIEDg==,Workout,Walk,8e7b7246a29b1eab8c86a1dd4ec85c68622c9c6433ce33005294641622466c72
gAAAAABpJIL1KCfbTEWVyaYWGIJiu1uxxwPc_NA4oJuYhqcEQjxy4KmkbznWuzs4cZ8BqeeldC-5D-Q5HorfXZxIFGZEKcmXAQ==,Walk,Walk,eae7f5780cfb2b658a29a5cd6e13ee17df104e69ff475304a98114310e3d33d3
gAAAAABpJIL10rnsfbRkWu7c1SSNe45hL1pTLfJWRztPLfaGdb1Uv-APSGcv10wJVYsYsMClKPhsVXQB7Vgj8ZSe4e6IngOh3g==,Ride,Ride,8c507c37414ff70748c04b54133c9f7b052c4e1eaef473ff041cb56f2cae8644
gAAAAABpJIL1ukvtO9Y39tGM9-V-h8lN1qXF3MqUr4FQaQkHGFVCSVAwIHXoDzzeeP1GmVn8TLH9ce8llBnEZIMsjs-lnNtmEg==,Workout,Walk,c5041f28602b93db9c74b1bb5638124b0f64d09a3245ca59952e3cb2a967025e
gAAAAABpJIL1n0oCbZbh25yCChG-cnN6vv2ZLERGqt2kZsxnLoyej4FekOHEXPif9rAKb4PANtkOt5tNJyjyMAh4C3D4Ft_89w==,Workout,Walk,26625b3c00d73b1415b9aa8ab38c8299f09b7e20b459d662bf34d6567cc53943
gAAAAABpJIL19uh82b33GuTy_q7ZXjJozw71-0kRfW-w22Ch_71qcWuveFWmMy2LS2LM6_C7i8IorMAnA26U2P5gGAjb8zFBcQ==,Run,Walk,d71e5fe46c843237efa5143f4c6dc485e09605c6e014658304a5dc36955962ba
gAAAAABpJIL149NfxHInTdcJwAsyU86NLMTe15dF7KiNmx1Qvt2QN6-iEC0E6vzUrdmGmwg3aO0QNjhriPQQeoJ-OQJcPGWcKA==,Walk,Walk,c0f8d0eac6e62e4c962bb6efda7c69f9216c8f248f7521f487e2e747397f19b7
gAAAAABpJIL1WldKf1frDp2ErtvyStq-u23I55gNIuyOUCEcST0WpP3EAVLv9jDCOOmRQFMlxT8S27leGPVJt5KXjn1lfZCR-w==,Run,Walk,447e7f68bae7154585ce7fe2c0fbc616f44923c8b062c3492cda8cfda70c7cc7
gAAAAABpJIL1MRIA0_vbuFNA5EdiWm8Nic1yewpXY7UxiRIlYK8a8eH2YMW_Qm3hfE2eRiR-L2qstduD20OxcCWvUbMtX1BUgw==,Run,Walk,bdf6e989402b8db43a8fb0baf60c431b30bd7b437313bb9f25b234db29dfa4da
gAAAAABpJIL1ep-x_egT_M5PmP4zSozclGQoktzsyyNvcZaE9jwCtBMW4WwUOfVd4nUD06F-mz0gMgysD9rcO3IudBq6FyHUhg==,Run,Walk,d232e65e037dea9fbe652abbae630d6f37da624127524031de50c326b1d246f2
